{
  "ext/controller/Secobj-dbg.controller.js": 1709705289394,
  "ext/controller/Reject1.js": 1709705529246,
  "ext/fragment/WFFrag.js": 1707405401874,
  "ext/fragment/Custfilter.js": 1707839736795,
  "ext/fragment/Attachment.js": 1708922589811,
  "ext/controller/Secobj.controller.js": 1709705289394,
  "manifest.json": 1709707129583,
  "ext/controller/PanDetailsObj.controller.js": 1709707033106,
  "ext/controller/Nav1.js": 1708922589811,
  "ext/controller/ListController.controller.js": 1709705880441,
  "ext/controller/Clarification1.js": 1709705502531,
  "ext/controller/Approve1.js": 1709705478483,
  "Component.js": 1707404301112,
  "Component-preload.js": 1709707130139,
  "ext/fragment/Attachment-dbg.js": 1708922589811,
  "ext/fragment/Custfilter-dbg.js": 1707839736795,
  "ext/fragment/WFFrag-dbg.js": 1707405401874,
  "i18n/i18n.properties": 1707404329551,
  "ext/controller/Reject1-dbg.js": 1709705529246,
  "ext/controller/PanDetailsObj-dbg.controller.js": 1709707033106,
  "ext/controller/Nav1-dbg.js": 1708922589811,
  "ext/controller/ListController-dbg.controller.js": 1709705880441,
  "ext/controller/Clarification1-dbg.js": 1709705502531,
  "ext/controller/Approve1-dbg.js": 1709705478483,
  "Component-dbg.js": 1707404301112,
  "ext/fragment/WFFrag.fragment.xml": 1707407421464,
  "ext/fragment/Custfilter.fragment.xml": 1707845653221,
  "ext/fragment/Attachment.fragment.xml": 1707911476962,
  "css/style.css": 1709705270719,
  "index.html": 1707404301112
}