{
  "ext/fragment/WFFrag.js": 1707405401874,
  "ext/controller/Secobj.controller.js": 1709455480906,
  "i18n/i18n.properties": 1707404329551,
  "ext/fragment/Custfilter.js": 1707839736795,
  "ext/fragment/Attachment.js": 1708922589811,
  "manifest.json": 1709455841400,
  "ext/controller/Reject1.js": 1709283882314,
  "ext/controller/PanDetailsObj.controller.js": 1709284218446,
  "ext/controller/Nav1.js": 1708922589811,
  "ext/controller/ListController.controller.js": 1708922589811,
  "ext/controller/Clarification1.js": 1709283871238,
  "ext/controller/Approve1.js": 1709283853082,
  "Component.js": 1707404301112,
  "Component-preload.js": 1709455841773,
  "ext/controller/Approve1-dbg.js": 1709283853082,
  "ext/fragment/Custfilter-dbg.js": 1707839736795,
  "ext/fragment/Attachment-dbg.js": 1708922589811,
  "ext/controller/Secobj-dbg.controller.js": 1709455480906,
  "ext/controller/Reject1-dbg.js": 1709283882314,
  "ext/controller/PanDetailsObj-dbg.controller.js": 1709284218446,
  "ext/controller/Nav1-dbg.js": 1708922589811,
  "ext/controller/ListController-dbg.controller.js": 1708922589811,
  "ext/controller/Clarification1-dbg.js": 1709283871238,
  "ext/fragment/WFFrag-dbg.js": 1707405401874,
  "Component-dbg.js": 1707404301112,
  "ext/fragment/WFFrag.fragment.xml": 1707407421464,
  "ext/fragment/Custfilter.fragment.xml": 1707845653221,
  "ext/fragment/Attachment.fragment.xml": 1707911476962,
  "css/style.css": 1709455668272,
  "index.html": 1707404301112
}