{
  "ext/controller/Draftattachment-dbg.js": 1707061085326,
  "ext/controller/Form.controller.js": 1708341152614,
  "ext/fragment/Switch.js": 1707299010855,
  "ext/controller/Reject.js": 1707282999817,
  "ext/controller/PanDetailsList.controller.js": 1706794953698,
  "ext/controller/Needforclarification.js": 1707280384065,
  "manifest.json": 1708583078064,
  "ext/controller/Draftattachment.js": 1707061085326,
  "ext/controller/Approve.js": 1707372013381,
  "Component.js": 1706466395728,
  "Component-preload.js": 1708583078279,
  "ext/fragment/Switch-dbg.js": 1707299010855,
  "ext/controller/Reject-dbg.js": 1707282999817,
  "ext/controller/PanDetailsList-dbg.controller.js": 1706794953698,
  "ext/controller/Needforclarification-dbg.js": 1707280384065,
  "ext/controller/Form-dbg.controller.js": 1708341152614,
  "i18n/i18n.properties": 1706466395728,
  "ext/controller/Approve-dbg.js": 1707372013381,
  "Component-dbg.js": 1706466395728,
  "ext/fragment/WF.fragment.xml": 1707382479558,
  "ext/fragment/Switch.fragment.xml": 1706849338108,
  "ext/fragment/Draftattachment.fragment.xml": 1706724125817,
  "ext/fragment/Demo.fragment.xml": 1707330582761,
  "css/style.css": 1707241228672,
  "index.html": 1706466395728
}