<core:FragmentDefinition xmlns:core="sap.ui.core" xmlns="sap.m" xmlns:macros="sap.fe.macros">
	<Table noDataText="Drop column list items here and columns in the area above" id="table0">
	    <items>
	        <ColumnListItem type="Active" id="item0">
	            <cells>
	                <Text text="Row 1 Cell 1" id="text3"/>
	                <Text text="Row 1 Cell 2" id="text4"/>
	                <Text text="Row 1 Cell 3" id="text5"/></cells>
	        </ColumnListItem>
	    </items>
	    <columns>
	        <Column id="column0">
	            <header>
	                <Label text="Header 1" id="label0"/>
	            </header>
	        </Column>
	        <Column id="column1">
	            <header>
	                <Label text="Header 2" id="label1"/>
	            </header>
	        </Column>
	        <Column id="column2">
	            <header>
	                <Label text="Header 3" id="label2"/>
	            </header>
	        </Column></columns></Table>
	<sap.ui.layout.form:Form editable="true" xmlns:sap.ui.layout.form="sap.ui.layout.form" id="form0">
	    <sap.ui.layout.form:formContainers>
	        <sap.ui.layout.form:FormContainer title="Title" id="container0">
	            <sap.ui.layout.form:formElements>
	                <sap.ui.layout.form:FormElement label="Label" id="element0">
	                    <sap.ui.layout.form:fields>
	                        <Input width="100%" id="input0"/>
	                    </sap.ui.layout.form:fields>
	                </sap.ui.layout.form:FormElement>
	            </sap.ui.layout.form:formElements>
	        </sap.ui.layout.form:FormContainer>
	    </sap.ui.layout.form:formContainers>
	    <sap.ui.layout.form:layout>
	        <sap.ui.layout.form:ResponsiveGridLayout id="layout0"/>
	    </sap.ui.layout.form:layout></sap.ui.layout.form:Form>
</core:FragmentDefinition>