<core:FragmentDefinition xmlns="sap.m"
                         xmlns:core="sap.ui.core"  xmlns:macros="sap.fe.macros" >
    <Table id="myTable"
           inset="false"
           items="{path: '/tab1(PAN123)/tab1toWORKFLOW_HISTORY'
		  }"
           class="sapUiResponsiveMargin" core:require="{ handler: 'approval/ext/fragment/Switch'}">
        <columns>
		    <Column id="_IDGenColumn2" >
                <Text id="_IDGenText2" text="Level" />
            </Column>
            <!-- <Column id="_IDGenColumn1" >
                <Text id="_IDGenText1" text="Title" />
            </Column> -->
			<Column id="_IDGenColumn3">
			<Text id="_IDGenText5" text="Employee ID" />
			</Column>
			<Column id="_IDGenColumn4">
			<Text id="_IDGenText6" text="Employee Name" />
			</Column>
			<Column id="_IDGenColumn10">
			<Text id="_IDGenText12" text="Notification Status" />
			</Column>
			<!-- <Column id="_IDGenColumn5">
			<Text id="_IDGenText7" text="Result" />
			</Column>
			<Column id="_IDGenColumn6">
			<Text id="_IDGenText8" text="Begin Date and Time" />
			</Column>
			<Column id="_IDGenColumn7">
			<Text id="_IDGenText9" text="End Date and Time" />
			</Column>
			<Column id="_IDGenColumn8">
			<Text id="_IDGenText10" text="Days Taken" />
			</Column>
			<Column id="_IDGenColumn9">
			<Text id="_IDGenText11" text="Approved by" />
			</Column> -->
            <!-- Add more columns if needed -->
        </columns>
        <items>
            <ColumnListItem id="_IDGenColumnListItem1">
                <cells>
                    <Text id="_IDGenText14" text="{level}" />
					<!-- <Text id="_IDGenText13" text="{Title}" /> -->
                    <Text id="_IDGenText114" text="{Employee_ID}" />
					<Text id="_IDGenText113" text="{Employee_Name}" />
					<Switch id="_IDGenSwitch1" type="AcceptReject"></Switch>
					<!-- <Text id="_IDGenText24" text="{Result}" />
					<Text id="_IDGenText23" text="{Begin_DateAND_Time}" />
					<Text id="_IDGenText34" text="{End_DateAND_Time}" />
					<Text id="_IDGenText33" text="{Days_Taken}" />
					<Text id="_IDGenText44" text="{Approved_by}" /> -->
                </cells>
            </ColumnListItem>
        </items>
    </Table>
	
</core:FragmentDefinition>
