{
  "ext/controller/PanDetailsObj-dbg.controller.js": 1722470159391,
  "ext/controller/PanDetailsObj.controller.js": 1722470159391,
  "ext/fragment/WFFrag.js": 1722419319547,
  "ext/fragment/Custfilter.js": 1722419319547,
  "ext/fragment/Attachment.js": 1722419319547,
  "ext/controller/Secobj.controller.js": 1722419319547,
  "ext/controller/Reject1.js": 1722419319547,
  "manifest.json": 1722470202883,
  "ext/controller/Nav1.js": 1722419319547,
  "ext/controller/ListController.controller.js": 1722419319547,
  "ext/controller/Clarification1.js": 1722419319547,
  "ext/controller/Approve1.js": 1722419319547,
  "Component.js": 1722419319547,
  "Component-preload.js": 1722470203228,
  "ext/fragment/Custfilter-dbg.js": 1722419319547,
  "ext/fragment/WFFrag-dbg.js": 1722419319547,
  "ext/fragment/Attachment-dbg.js": 1722419319547,
  "ext/controller/Secobj-dbg.controller.js": 1722419319547,
  "ext/controller/Reject1-dbg.js": 1722419319547,
  "i18n/i18n.properties": 1722419319547,
  "ext/controller/Nav1-dbg.js": 1722419319547,
  "ext/controller/ListController-dbg.controller.js": 1722419319547,
  "ext/controller/Clarification1-dbg.js": 1722419319547,
  "ext/controller/Approve1-dbg.js": 1722419319547,
  "Component-dbg.js": 1722419319547,
  "ext/fragment/WFFrag.fragment.xml": 1722419319547,
  "ext/fragment/Custfilter.fragment.xml": 1722419319547,
  "ext/fragment/Attachment.fragment.xml": 1722419319547,
  "css/style.css": 1722419319547,
  "index.html": 1722419319547
}