{
  "ext/fragment/Custfilter-dbg.js": 1707839736795,
  "ext/controller/Clarification1.js": 1708329573406,
  "ext/fragment/WFFrag.js": 1707405401874,
  "ext/fragment/Custfilter.js": 1707839736795,
  "ext/fragment/Attachment.js": 1707932837973,
  "ext/controller/Secobj.controller.js": 1708540248590,
  "ext/controller/Reject1.js": 1708329559394,
  "ext/controller/PanDetailsObj.controller.js": 1708582211564,
  "ext/controller/Nav1.js": 1708338757834,
  "ext/controller/ListController.controller.js": 1708342272862,
  "manifest.json": 1708583089362,
  "ext/controller/Approve1.js": 1708354509127,
  "Component.js": 1707404301112,
  "Component-preload.js": 1708583089590,
  "ext/controller/Nav1-dbg.js": 1708338757834,
  "i18n/i18n.properties": 1707404329551,
  "ext/fragment/Attachment-dbg.js": 1707932837973,
  "ext/controller/Secobj-dbg.controller.js": 1708540248590,
  "ext/controller/Reject1-dbg.js": 1708329559394,
  "ext/controller/PanDetailsObj-dbg.controller.js": 1708582211564,
  "ext/fragment/WFFrag-dbg.js": 1707405401874,
  "ext/controller/ListController-dbg.controller.js": 1708342272862,
  "ext/controller/Clarification1-dbg.js": 1708329573406,
  "ext/controller/Approve1-dbg.js": 1708354509127,
  "Component-dbg.js": 1707404301112,
  "ext/fragment/WFFrag.fragment.xml": 1707407421464,
  "ext/fragment/Custfilter.fragment.xml": 1707845653221,
  "ext/fragment/Attachment.fragment.xml": 1707911476962,
  "css/style.css": 1708575537515,
  "index.html": 1707404301112
}