{
  "ext/controller/Clarification1.js": 1710143977719,
  "ext/controller/PanDetailsObj.controller.js": 1710141550924,
  "ext/fragment/WFFrag.js": 1707405401874,
  "ext/fragment/Custfilter.js": 1707839736795,
  "ext/fragment/Attachment.js": 1708922589811,
  "ext/controller/Secobj.controller.js": 1709705289394,
  "ext/controller/Reject1.js": 1710144000271,
  "manifest.json": 1710144037692,
  "ext/controller/Nav1.js": 1708922589811,
  "ext/controller/ListController.controller.js": 1709786071006,
  "i18n/i18n.properties": 1707404329551,
  "ext/controller/Approve1.js": 1710143970324,
  "Component.js": 1707404301112,
  "Component-preload.js": 1710144038162,
  "Component-dbg.js": 1707404301112,
  "ext/fragment/Custfilter-dbg.js": 1707839736795,
  "ext/fragment/Attachment-dbg.js": 1708922589811,
  "ext/controller/Secobj-dbg.controller.js": 1709705289394,
  "ext/controller/Reject1-dbg.js": 1710144000271,
  "ext/controller/PanDetailsObj-dbg.controller.js": 1710141550924,
  "ext/controller/Nav1-dbg.js": 1708922589811,
  "ext/controller/ListController-dbg.controller.js": 1709786071006,
  "ext/controller/Clarification1-dbg.js": 1710143977719,
  "ext/controller/Approve1-dbg.js": 1710143970324,
  "ext/fragment/WFFrag-dbg.js": 1707405401874,
  "ext/fragment/WFFrag.fragment.xml": 1707407421464,
  "ext/fragment/Custfilter.fragment.xml": 1707845653221,
  "ext/fragment/Attachment.fragment.xml": 1707911476962,
  "css/style.css": 1710142284031,
  "index.html": 1707404301112
}